Image_ID,Class,檬,橇饭烙,弥辆,备埃,备埃
20201003_DWG_JDG_1_train_image0.jpg,0,0,29.97,0,,
20201003_DWG_JDG_1_train_image1.jpg,0,0.5,29.97,14.985,,
20201003_DWG_JDG_1_train_image2.jpg,0,1,29.97,29.97,,
20201003_DWG_JDG_1_train_image3.jpg,0,1.5,29.97,44.955,,
20201003_DWG_JDG_1_train_image4.jpg,0,2,29.97,59.94,,
20201003_DWG_JDG_1_train_image5.jpg,0,2.5,29.97,74.925,,
20201003_DWG_JDG_1_train_image6.jpg,0,3,29.97,89.91,,
20201003_DWG_JDG_1_train_image7.jpg,0,3.5,29.97,104.895,,
20201003_DWG_JDG_1_train_image8.jpg,0,4,29.97,119.88,,
20201003_DWG_JDG_1_train_image9.jpg,0,4.5,29.97,134.865,,
20201003_DWG_JDG_1_train_image10.jpg,0,5,29.97,149.85,,
20201003_DWG_JDG_1_train_image11.jpg,0,5.5,29.97,164.835,,
20201003_DWG_JDG_1_train_image12.jpg,0,6,29.97,179.82,,
20201003_DWG_JDG_1_train_image13.jpg,0,6.5,29.97,194.805,,
20201003_DWG_JDG_1_train_image14.jpg,0,7,29.97,209.79,,
20201003_DWG_JDG_1_train_image15.jpg,0,7.5,29.97,224.775,,
20201003_DWG_JDG_1_train_image16.jpg,0,8,29.97,239.76,,
20201003_DWG_JDG_1_train_image17.jpg,0,8.5,29.97,254.745,,
20201003_DWG_JDG_1_train_image18.jpg,0,9,29.97,269.73,,
20201003_DWG_JDG_1_train_image19.jpg,0,9.5,29.97,284.715,,
20201003_DWG_JDG_1_train_image20.jpg,0,10,29.97,299.7,,
20201003_DWG_JDG_1_train_image21.jpg,0,10.5,29.97,314.685,,
20201003_DWG_JDG_1_train_image22.jpg,0,11,29.97,329.67,,
20201003_DWG_JDG_1_train_image23.jpg,0,11.5,29.97,344.655,,
20201003_DWG_JDG_1_train_image24.jpg,0,12,29.97,359.64,,
20201003_DWG_JDG_1_train_image25.jpg,0,12.5,29.97,374.625,,
20201003_DWG_JDG_1_train_image26.jpg,0,13,29.97,389.61,,
20201003_DWG_JDG_1_train_image27.jpg,0,13.5,29.97,404.595,,
20201003_DWG_JDG_1_train_image28.jpg,0,14,29.97,419.58,,
20201003_DWG_JDG_1_train_image29.jpg,0,14.5,29.97,434.565,,
20201003_DWG_JDG_1_train_image30.jpg,0,15,29.97,449.55,,
20201003_DWG_JDG_1_train_image31.jpg,0,15.5,29.97,464.535,,
20201003_DWG_JDG_1_train_image32.jpg,0,16,29.97,479.52,,
20201003_DWG_JDG_1_train_image33.jpg,0,16.5,29.97,494.505,,
20201003_DWG_JDG_1_train_image34.jpg,0,17,29.97,509.49,,
20201003_DWG_JDG_1_train_image35.jpg,0,17.5,29.97,524.475,,
20201003_DWG_JDG_1_train_image36.jpg,0,18,29.97,539.46,,
20201003_DWG_JDG_1_train_image37.jpg,0,18.5,29.97,554.445,,
20201003_DWG_JDG_1_train_image38.jpg,0,19,29.97,569.43,,
20201003_DWG_JDG_1_train_image39.jpg,0,19.5,29.97,584.415,,
20201003_DWG_JDG_1_train_image40.jpg,0,20,29.97,599.4,,
20201003_DWG_JDG_1_train_image41.jpg,0,20.5,29.97,614.385,,
20201003_DWG_JDG_1_train_image42.jpg,0,21,29.97,629.37,,
20201003_DWG_JDG_1_train_image43.jpg,0,21.5,29.97,644.355,,
20201003_DWG_JDG_1_train_image44.jpg,0,22,29.97,659.34,,
20201003_DWG_JDG_1_train_image45.jpg,0,22.5,29.97,674.325,,
20201003_DWG_JDG_1_train_image46.jpg,0,23,29.97,689.31,,
20201003_DWG_JDG_1_train_image47.jpg,0,23.5,29.97,704.295,,
20201003_DWG_JDG_1_train_image48.jpg,0,24,29.97,719.28,,
20201003_DWG_JDG_1_train_image49.jpg,0,24.5,29.97,734.265,,
20201003_DWG_JDG_1_train_image50.jpg,0,25,29.97,749.25,,
20201003_DWG_JDG_1_train_image51.jpg,0,25.5,29.97,764.235,,
20201003_DWG_JDG_1_train_image52.jpg,0,26,29.97,779.22,,
20201003_DWG_JDG_1_train_image53.jpg,0,26.5,29.97,794.205,,
20201003_DWG_JDG_1_train_image54.jpg,0,27,29.97,809.19,,
20201003_DWG_JDG_1_train_image55.jpg,0,27.5,29.97,824.175,,
20201003_DWG_JDG_1_train_image56.jpg,0,28,29.97,839.16,,
20201003_DWG_JDG_1_train_image57.jpg,0,28.5,29.97,854.145,,
20201003_DWG_JDG_1_train_image58.jpg,0,29,29.97,869.13,,
20201003_DWG_JDG_1_train_image59.jpg,0,29.5,29.97,884.115,,
20201003_DWG_JDG_1_train_image60.jpg,0,30,29.97,899.1,,
20201003_DWG_JDG_1_train_image61.jpg,0,30.5,29.97,914.085,,
20201003_DWG_JDG_1_train_image62.jpg,0,31,29.97,929.07,,
20201003_DWG_JDG_1_train_image63.jpg,0,31.5,29.97,944.055,,
20201003_DWG_JDG_1_train_image64.jpg,0,32,29.97,959.04,,
20201003_DWG_JDG_1_train_image65.jpg,0,32.5,29.97,974.025,,
20201003_DWG_JDG_1_train_image66.jpg,0,33,29.97,989.01,,
20201003_DWG_JDG_1_train_image67.jpg,0,33.5,29.97,1003.995,,
20201003_DWG_JDG_1_train_image68.jpg,0,34,29.97,1018.98,,
20201003_DWG_JDG_1_train_image69.jpg,0,34.5,29.97,1033.965,,
20201003_DWG_JDG_1_train_image70.jpg,0,35,29.97,1048.95,,
20201003_DWG_JDG_1_train_image71.jpg,0,35.5,29.97,1063.935,,
20201003_DWG_JDG_1_train_image72.jpg,0,36,29.97,1078.92,,
20201003_DWG_JDG_1_train_image73.jpg,0,36.5,29.97,1093.905,,
20201003_DWG_JDG_1_train_image74.jpg,0,37,29.97,1108.89,,
20201003_DWG_JDG_1_train_image75.jpg,0,37.5,29.97,1123.875,,
20201003_DWG_JDG_1_train_image76.jpg,0,38,29.97,1138.86,,
20201003_DWG_JDG_1_train_image77.jpg,0,38.5,29.97,1153.845,,
20201003_DWG_JDG_1_train_image78.jpg,1,39,29.97,1168.83,老,"1168.83, 1528.47"
20201003_DWG_JDG_1_train_image79.jpg,1,39.5,29.97,1183.815,老,
20201003_DWG_JDG_1_train_image80.jpg,1,40,29.97,1198.8,老,
20201003_DWG_JDG_1_train_image81.jpg,1,40.5,29.97,1213.785,老,
20201003_DWG_JDG_1_train_image82.jpg,1,41,29.97,1228.77,老,
20201003_DWG_JDG_1_train_image83.jpg,1,41.5,29.97,1243.755,老,
20201003_DWG_JDG_1_train_image84.jpg,1,42,29.97,1258.74,老,
20201003_DWG_JDG_1_train_image85.jpg,1,42.5,29.97,1273.725,老,
20201003_DWG_JDG_1_train_image86.jpg,1,43,29.97,1288.71,老,
20201003_DWG_JDG_1_train_image87.jpg,1,43.5,29.97,1303.695,老,
20201003_DWG_JDG_1_train_image88.jpg,1,44,29.97,1318.68,老,
20201003_DWG_JDG_1_train_image89.jpg,1,44.5,29.97,1333.665,老,
20201003_DWG_JDG_1_train_image90.jpg,1,45,29.97,1348.65,老,
20201003_DWG_JDG_1_train_image91.jpg,1,45.5,29.97,1363.635,老,
20201003_DWG_JDG_1_train_image92.jpg,1,46,29.97,1378.62,老,
20201003_DWG_JDG_1_train_image93.jpg,1,46.5,29.97,1393.605,老,
20201003_DWG_JDG_1_train_image94.jpg,1,47,29.97,1408.59,老,
20201003_DWG_JDG_1_train_image95.jpg,1,47.5,29.97,1423.575,老,
20201003_DWG_JDG_1_train_image96.jpg,1,48,29.97,1438.56,老,
20201003_DWG_JDG_1_train_image97.jpg,1,48.5,29.97,1453.545,老,
20201003_DWG_JDG_1_train_image98.jpg,1,49,29.97,1468.53,老,
20201003_DWG_JDG_1_train_image99.jpg,1,49.5,29.97,1483.515,老,
20201003_DWG_JDG_1_train_image100.jpg,1,50,29.97,1498.5,老,
20201003_DWG_JDG_1_train_image101.jpg,1,50.5,29.97,1513.485,老,
20201003_DWG_JDG_1_train_image102.jpg,1,51,29.97,1528.47,老,
20201003_DWG_JDG_1_train_image103.jpg,0,51.5,29.97,1543.455,,
20201003_DWG_JDG_1_train_image104.jpg,0,52,29.97,1558.44,,
20201003_DWG_JDG_1_train_image105.jpg,0,52.5,29.97,1573.425,,
20201003_DWG_JDG_1_train_image106.jpg,0,53,29.97,1588.41,,
20201003_DWG_JDG_1_train_image107.jpg,0,53.5,29.97,1603.395,,
20201003_DWG_JDG_1_train_image108.jpg,0,54,29.97,1618.38,,
20201003_DWG_JDG_1_train_image109.jpg,0,54.5,29.97,1633.365,,
20201003_DWG_JDG_1_train_image110.jpg,0,55,29.97,1648.35,,
20201003_DWG_JDG_1_train_image111.jpg,0,55.5,29.97,1663.335,,
20201003_DWG_JDG_1_train_image112.jpg,0,56,29.97,1678.32,,
20201003_DWG_JDG_1_train_image113.jpg,0,56.5,29.97,1693.305,,
20201003_DWG_JDG_1_train_image114.jpg,0,57,29.97,1708.29,,
20201003_DWG_JDG_1_train_image115.jpg,0,57.5,29.97,1723.275,,
20201003_DWG_JDG_1_train_image116.jpg,0,58,29.97,1738.26,,
20201003_DWG_JDG_1_train_image117.jpg,0,58.5,29.97,1753.245,,
20201003_DWG_JDG_1_train_image118.jpg,0,59,29.97,1768.23,,
20201003_DWG_JDG_1_train_image119.jpg,0,59.5,29.97,1783.215,,
20201003_DWG_JDG_1_train_image120.jpg,0,60,29.97,1798.2,,
20201003_DWG_JDG_1_train_image121.jpg,0,60.5,29.97,1813.185,,
20201003_DWG_JDG_1_train_image122.jpg,0,61,29.97,1828.17,,
20201003_DWG_JDG_1_train_image123.jpg,0,61.5,29.97,1843.155,,
20201003_DWG_JDG_1_train_image124.jpg,0,62,29.97,1858.14,,
20201003_DWG_JDG_1_train_image125.jpg,0,62.5,29.97,1873.125,,
20201003_DWG_JDG_1_train_image126.jpg,0,63,29.97,1888.11,,
20201003_DWG_JDG_1_train_image127.jpg,0,63.5,29.97,1903.095,,
20201003_DWG_JDG_1_train_image128.jpg,0,64,29.97,1918.08,,
20201003_DWG_JDG_1_train_image129.jpg,0,64.5,29.97,1933.065,,
20201003_DWG_JDG_1_train_image130.jpg,0,65,29.97,1948.05,,
20201003_DWG_JDG_1_train_image131.jpg,0,65.5,29.97,1963.035,,
20201003_DWG_JDG_1_train_image132.jpg,0,66,29.97,1978.02,,
20201003_DWG_JDG_1_train_image133.jpg,0,66.5,29.97,1993.005,,
20201003_DWG_JDG_1_train_image134.jpg,0,67,29.97,2007.99,,
20201003_DWG_JDG_1_train_image135.jpg,0,67.5,29.97,2022.975,,
20201003_DWG_JDG_1_train_image136.jpg,0,68,29.97,2037.96,,
20201003_DWG_JDG_1_train_image137.jpg,0,68.5,29.97,2052.945,,
20201003_DWG_JDG_1_train_image138.jpg,0,69,29.97,2067.93,,
20201003_DWG_JDG_1_train_image139.jpg,0,69.5,29.97,2082.915,,
20201003_DWG_JDG_1_train_image140.jpg,0,70,29.97,2097.9,,
20201003_DWG_JDG_1_train_image141.jpg,0,70.5,29.97,2112.885,,
20201003_DWG_JDG_1_train_image142.jpg,0,71,29.97,2127.87,,
20201003_DWG_JDG_1_train_image143.jpg,0,71.5,29.97,2142.855,,
20201003_DWG_JDG_1_train_image144.jpg,0,72,29.97,2157.84,,
20201003_DWG_JDG_1_train_image145.jpg,0,72.5,29.97,2172.825,,
20201003_DWG_JDG_1_train_image146.jpg,0,73,29.97,2187.81,,
20201003_DWG_JDG_1_train_image147.jpg,0,73.5,29.97,2202.795,,
20201003_DWG_JDG_1_train_image148.jpg,0,74,29.97,2217.78,,
20201003_DWG_JDG_1_train_image149.jpg,0,74.5,29.97,2232.765,,
20201003_DWG_JDG_1_train_image150.jpg,0,75,29.97,2247.75,,
20201003_DWG_JDG_1_train_image151.jpg,0,75.5,29.97,2262.735,,
20201003_DWG_JDG_1_train_image152.jpg,0,76,29.97,2277.72,,
20201003_DWG_JDG_1_train_image153.jpg,0,76.5,29.97,2292.705,,
20201003_DWG_JDG_1_train_image154.jpg,0,77,29.97,2307.69,,
20201003_DWG_JDG_1_train_image155.jpg,0,77.5,29.97,2322.675,,
20201003_DWG_JDG_1_train_image156.jpg,0,78,29.97,2337.66,,
20201003_DWG_JDG_1_train_image157.jpg,0,78.5,29.97,2352.645,,
20201003_DWG_JDG_1_train_image158.jpg,0,79,29.97,2367.63,,
20201003_DWG_JDG_1_train_image159.jpg,0,79.5,29.97,2382.615,,
20201003_DWG_JDG_1_train_image160.jpg,0,80,29.97,2397.6,,
20201003_DWG_JDG_1_train_image161.jpg,0,80.5,29.97,2412.585,,
20201003_DWG_JDG_1_train_image162.jpg,0,81,29.97,2427.57,,
20201003_DWG_JDG_1_train_image163.jpg,0,81.5,29.97,2442.555,,
20201003_DWG_JDG_1_train_image164.jpg,0,82,29.97,2457.54,,
20201003_DWG_JDG_1_train_image165.jpg,0,82.5,29.97,2472.525,,
20201003_DWG_JDG_1_train_image166.jpg,0,83,29.97,2487.51,,
20201003_DWG_JDG_1_train_image167.jpg,0,83.5,29.97,2502.495,,
20201003_DWG_JDG_1_train_image168.jpg,0,84,29.97,2517.48,,
20201003_DWG_JDG_1_train_image169.jpg,0,84.5,29.97,2532.465,,
20201003_DWG_JDG_1_train_image170.jpg,0,85,29.97,2547.45,,
20201003_DWG_JDG_1_train_image171.jpg,0,85.5,29.97,2562.435,,
20201003_DWG_JDG_1_train_image172.jpg,0,86,29.97,2577.42,,
20201003_DWG_JDG_1_train_image173.jpg,0,86.5,29.97,2592.405,,
20201003_DWG_JDG_1_train_image174.jpg,0,87,29.97,2607.39,,
20201003_DWG_JDG_1_train_image175.jpg,0,87.5,29.97,2622.375,,
20201003_DWG_JDG_1_train_image176.jpg,0,88,29.97,2637.36,,
20201003_DWG_JDG_1_train_image177.jpg,0,88.5,29.97,2652.345,,
20201003_DWG_JDG_1_train_image178.jpg,0,89,29.97,2667.33,,
20201003_DWG_JDG_1_train_image179.jpg,0,89.5,29.97,2682.315,,
20201003_DWG_JDG_1_train_image180.jpg,0,90,29.97,2697.3,,
20201003_DWG_JDG_1_train_image181.jpg,0,90.5,29.97,2712.285,,
20201003_DWG_JDG_1_train_image182.jpg,0,91,29.97,2727.27,,
20201003_DWG_JDG_1_train_image183.jpg,0,91.5,29.97,2742.255,,
20201003_DWG_JDG_1_train_image184.jpg,0,92,29.97,2757.24,,
20201003_DWG_JDG_1_train_image185.jpg,0,92.5,29.97,2772.225,,
20201003_DWG_JDG_1_train_image186.jpg,0,93,29.97,2787.21,,
20201003_DWG_JDG_1_train_image187.jpg,0,93.5,29.97,2802.195,,
20201003_DWG_JDG_1_train_image188.jpg,0,94,29.97,2817.18,,
20201003_DWG_JDG_1_train_image189.jpg,0,94.5,29.97,2832.165,,
20201003_DWG_JDG_1_train_image190.jpg,0,95,29.97,2847.15,,
20201003_DWG_JDG_1_train_image191.jpg,0,95.5,29.97,2862.135,,
20201003_DWG_JDG_1_train_image192.jpg,0,96,29.97,2877.12,,
20201003_DWG_JDG_1_train_image193.jpg,0,96.5,29.97,2892.105,,
20201003_DWG_JDG_1_train_image194.jpg,0,97,29.97,2907.09,,
20201003_DWG_JDG_1_train_image195.jpg,0,97.5,29.97,2922.075,,
20201003_DWG_JDG_1_train_image196.jpg,0,98,29.97,2937.06,,
20201003_DWG_JDG_1_train_image197.jpg,0,98.5,29.97,2952.045,,
20201003_DWG_JDG_1_train_image198.jpg,0,99,29.97,2967.03,,
20201003_DWG_JDG_1_train_image199.jpg,0,99.5,29.97,2982.015,,
20201003_DWG_JDG_1_train_image200.jpg,0,100,29.97,2997,,
20201003_DWG_JDG_1_train_image201.jpg,0,100.5,29.97,3011.985,,
20201003_DWG_JDG_1_train_image202.jpg,0,101,29.97,3026.97,,
20201003_DWG_JDG_1_train_image203.jpg,0,101.5,29.97,3041.955,,
20201003_DWG_JDG_1_train_image204.jpg,0,102,29.97,3056.94,,
20201003_DWG_JDG_1_train_image205.jpg,0,102.5,29.97,3071.925,,
20201003_DWG_JDG_1_train_image206.jpg,0,103,29.97,3086.91,,
20201003_DWG_JDG_1_train_image207.jpg,0,103.5,29.97,3101.895,,
20201003_DWG_JDG_1_train_image208.jpg,0,104,29.97,3116.88,,
20201003_DWG_JDG_1_train_image209.jpg,0,104.5,29.97,3131.865,,
20201003_DWG_JDG_1_train_image210.jpg,0,105,29.97,3146.85,,
20201003_DWG_JDG_1_train_image211.jpg,0,105.5,29.97,3161.835,,
20201003_DWG_JDG_1_train_image212.jpg,0,106,29.97,3176.82,,
20201003_DWG_JDG_1_train_image213.jpg,0,106.5,29.97,3191.805,,
20201003_DWG_JDG_1_train_image214.jpg,0,107,29.97,3206.79,,
20201003_DWG_JDG_1_train_image215.jpg,0,107.5,29.97,3221.775,,
20201003_DWG_JDG_1_train_image216.jpg,0,108,29.97,3236.76,,
20201003_DWG_JDG_1_train_image217.jpg,0,108.5,29.97,3251.745,,
20201003_DWG_JDG_1_train_image218.jpg,0,109,29.97,3266.73,,
20201003_DWG_JDG_1_train_image219.jpg,0,109.5,29.97,3281.715,,
20201003_DWG_JDG_1_train_image220.jpg,0,110,29.97,3296.7,,
20201003_DWG_JDG_1_train_image221.jpg,0,110.5,29.97,3311.685,,
20201003_DWG_JDG_1_train_image222.jpg,0,111,29.97,3326.67,,
20201003_DWG_JDG_1_train_image223.jpg,0,111.5,29.97,3341.655,,
20201003_DWG_JDG_1_train_image224.jpg,0,112,29.97,3356.64,,
20201003_DWG_JDG_1_train_image225.jpg,0,112.5,29.97,3371.625,,
20201003_DWG_JDG_1_train_image226.jpg,0,113,29.97,3386.61,,
20201003_DWG_JDG_1_train_image227.jpg,0,113.5,29.97,3401.595,,
20201003_DWG_JDG_1_train_image228.jpg,0,114,29.97,3416.58,,
20201003_DWG_JDG_1_train_image229.jpg,0,114.5,29.97,3431.565,,
20201003_DWG_JDG_1_train_image230.jpg,0,115,29.97,3446.55,,
20201003_DWG_JDG_1_train_image231.jpg,0,115.5,29.97,3461.535,,
20201003_DWG_JDG_1_train_image232.jpg,0,116,29.97,3476.52,,
20201003_DWG_JDG_1_train_image233.jpg,0,116.5,29.97,3491.505,,
20201003_DWG_JDG_1_train_image234.jpg,0,117,29.97,3506.49,,
20201003_DWG_JDG_1_train_image235.jpg,0,117.5,29.97,3521.475,,
20201003_DWG_JDG_1_train_image236.jpg,0,118,29.97,3536.46,,
20201003_DWG_JDG_1_train_image237.jpg,0,118.5,29.97,3551.445,,
20201003_DWG_JDG_1_train_image238.jpg,0,119,29.97,3566.43,,
20201003_DWG_JDG_1_train_image239.jpg,0,119.5,29.97,3581.415,,
20201003_DWG_JDG_1_train_image240.jpg,0,120,29.97,3596.4,,
20201003_DWG_JDG_1_train_image241.jpg,0,120.5,29.97,3611.385,,
20201003_DWG_JDG_1_train_image242.jpg,0,121,29.97,3626.37,,
20201003_DWG_JDG_1_train_image243.jpg,0,121.5,29.97,3641.355,,
20201003_DWG_JDG_1_train_image244.jpg,0,122,29.97,3656.34,,
20201003_DWG_JDG_1_train_image245.jpg,0,122.5,29.97,3671.325,,
20201003_DWG_JDG_1_train_image246.jpg,0,123,29.97,3686.31,,
20201003_DWG_JDG_1_train_image247.jpg,0,123.5,29.97,3701.295,,
20201003_DWG_JDG_1_train_image248.jpg,0,124,29.97,3716.28,,
20201003_DWG_JDG_1_train_image249.jpg,0,124.5,29.97,3731.265,,
20201003_DWG_JDG_1_train_image250.jpg,0,125,29.97,3746.25,,
20201003_DWG_JDG_1_train_image251.jpg,0,125.5,29.97,3761.235,,
20201003_DWG_JDG_1_train_image252.jpg,0,126,29.97,3776.22,,
20201003_DWG_JDG_1_train_image253.jpg,0,126.5,29.97,3791.205,,
20201003_DWG_JDG_1_train_image254.jpg,0,127,29.97,3806.19,,
20201003_DWG_JDG_1_train_image255.jpg,0,127.5,29.97,3821.175,,
20201003_DWG_JDG_1_train_image256.jpg,0,128,29.97,3836.16,,
20201003_DWG_JDG_1_train_image257.jpg,0,128.5,29.97,3851.145,,
20201003_DWG_JDG_1_train_image258.jpg,0,129,29.97,3866.13,,
20201003_DWG_JDG_1_train_image259.jpg,0,129.5,29.97,3881.115,,
20201003_DWG_JDG_1_train_image260.jpg,0,130,29.97,3896.1,,
20201003_DWG_JDG_1_train_image261.jpg,0,130.5,29.97,3911.085,,
20201003_DWG_JDG_1_train_image262.jpg,0,131,29.97,3926.07,,
20201003_DWG_JDG_1_train_image263.jpg,0,131.5,29.97,3941.055,,
20201003_DWG_JDG_1_train_image264.jpg,0,132,29.97,3956.04,,
20201003_DWG_JDG_1_train_image265.jpg,0,132.5,29.97,3971.025,,
20201003_DWG_JDG_1_train_image266.jpg,0,133,29.97,3986.01,,
20201003_DWG_JDG_1_train_image267.jpg,0,133.5,29.97,4000.995,,
20201003_DWG_JDG_1_train_image268.jpg,0,134,29.97,4015.98,,
20201003_DWG_JDG_1_train_image269.jpg,0,134.5,29.97,4030.965,,
20201003_DWG_JDG_1_train_image270.jpg,0,135,29.97,4045.95,,
20201003_DWG_JDG_1_train_image271.jpg,0,135.5,29.97,4060.935,,
20201003_DWG_JDG_1_train_image272.jpg,0,136,29.97,4075.92,,
20201003_DWG_JDG_1_train_image273.jpg,0,136.5,29.97,4090.905,,
20201003_DWG_JDG_1_train_image274.jpg,0,137,29.97,4105.89,,
20201003_DWG_JDG_1_train_image275.jpg,0,137.5,29.97,4120.875,,
20201003_DWG_JDG_1_train_image276.jpg,0,138,29.97,4135.86,,
20201003_DWG_JDG_1_train_image277.jpg,0,138.5,29.97,4150.845,,
20201003_DWG_JDG_1_train_image278.jpg,0,139,29.97,4165.83,,
20201003_DWG_JDG_1_train_image279.jpg,0,139.5,29.97,4180.815,,
20201003_DWG_JDG_1_train_image280.jpg,0,140,29.97,4195.8,,
20201003_DWG_JDG_1_train_image281.jpg,0,140.5,29.97,4210.785,,
20201003_DWG_JDG_1_train_image282.jpg,0,141,29.97,4225.77,,
20201003_DWG_JDG_1_train_image283.jpg,0,141.5,29.97,4240.755,,
20201003_DWG_JDG_1_train_image284.jpg,0,142,29.97,4255.74,,
20201003_DWG_JDG_1_train_image285.jpg,0,142.5,29.97,4270.725,,
20201003_DWG_JDG_1_train_image286.jpg,0,143,29.97,4285.71,,
20201003_DWG_JDG_1_train_image287.jpg,0,143.5,29.97,4300.695,,
20201003_DWG_JDG_1_train_image288.jpg,0,144,29.97,4315.68,,
20201003_DWG_JDG_1_train_image289.jpg,0,144.5,29.97,4330.665,,
20201003_DWG_JDG_1_train_image290.jpg,0,145,29.97,4345.65,,
20201003_DWG_JDG_1_train_image291.jpg,0,145.5,29.97,4360.635,,
20201003_DWG_JDG_1_train_image292.jpg,0,146,29.97,4375.62,,
20201003_DWG_JDG_1_train_image293.jpg,0,146.5,29.97,4390.605,,
20201003_DWG_JDG_1_train_image294.jpg,1,147,29.97,4405.59,老,"4405.59, 5994"
20201003_DWG_JDG_1_train_image295.jpg,1,147.5,29.97,4420.575,老,
20201003_DWG_JDG_1_train_image296.jpg,1,148,29.97,4435.56,老,
20201003_DWG_JDG_1_train_image297.jpg,1,148.5,29.97,4450.545,老,
20201003_DWG_JDG_1_train_image298.jpg,1,149,29.97,4465.53,老,
20201003_DWG_JDG_1_train_image299.jpg,1,149.5,29.97,4480.515,老,
20201003_DWG_JDG_1_train_image300.jpg,1,150,29.97,4495.5,老,
20201003_DWG_JDG_1_train_image301.jpg,1,150.5,29.97,4510.485,老,
20201003_DWG_JDG_1_train_image302.jpg,1,151,29.97,4525.47,老,
20201003_DWG_JDG_1_train_image303.jpg,1,151.5,29.97,4540.455,老,
20201003_DWG_JDG_1_train_image304.jpg,1,152,29.97,4555.44,老,
20201003_DWG_JDG_1_train_image305.jpg,1,152.5,29.97,4570.425,老,
20201003_DWG_JDG_1_train_image306.jpg,1,153,29.97,4585.41,老,
20201003_DWG_JDG_1_train_image307.jpg,1,153.5,29.97,4600.395,老,
20201003_DWG_JDG_1_train_image308.jpg,1,154,29.97,4615.38,老,
20201003_DWG_JDG_1_train_image309.jpg,1,154.5,29.97,4630.365,老,
20201003_DWG_JDG_1_train_image310.jpg,1,155,29.97,4645.35,老,
20201003_DWG_JDG_1_train_image311.jpg,1,155.5,29.97,4660.335,老,
20201003_DWG_JDG_1_train_image312.jpg,1,156,29.97,4675.32,老,
20201003_DWG_JDG_1_train_image313.jpg,1,156.5,29.97,4690.305,老,
20201003_DWG_JDG_1_train_image314.jpg,1,157,29.97,4705.29,老,
20201003_DWG_JDG_1_train_image315.jpg,1,157.5,29.97,4720.275,老,
20201003_DWG_JDG_1_train_image316.jpg,1,158,29.97,4735.26,老,
20201003_DWG_JDG_1_train_image317.jpg,1,158.5,29.97,4750.245,老,
20201003_DWG_JDG_1_train_image318.jpg,1,159,29.97,4765.23,老,
20201003_DWG_JDG_1_train_image319.jpg,1,159.5,29.97,4780.215,老,
20201003_DWG_JDG_1_train_image320.jpg,1,160,29.97,4795.2,老,
20201003_DWG_JDG_1_train_image321.jpg,1,160.5,29.97,4810.185,老,
20201003_DWG_JDG_1_train_image322.jpg,1,161,29.97,4825.17,老,
20201003_DWG_JDG_1_train_image323.jpg,1,161.5,29.97,4840.155,老,
20201003_DWG_JDG_1_train_image324.jpg,1,162,29.97,4855.14,老,
20201003_DWG_JDG_1_train_image325.jpg,1,162.5,29.97,4870.125,老,
20201003_DWG_JDG_1_train_image326.jpg,1,163,29.97,4885.11,老,
20201003_DWG_JDG_1_train_image327.jpg,1,163.5,29.97,4900.095,老,
20201003_DWG_JDG_1_train_image328.jpg,1,164,29.97,4915.08,老,
20201003_DWG_JDG_1_train_image329.jpg,1,164.5,29.97,4930.065,老,
20201003_DWG_JDG_1_train_image330.jpg,1,165,29.97,4945.05,老,
20201003_DWG_JDG_1_train_image331.jpg,1,165.5,29.97,4960.035,老,
20201003_DWG_JDG_1_train_image332.jpg,1,166,29.97,4975.02,老,
20201003_DWG_JDG_1_train_image333.jpg,1,166.5,29.97,4990.005,老,
20201003_DWG_JDG_1_train_image334.jpg,1,167,29.97,5004.99,老,
20201003_DWG_JDG_1_train_image335.jpg,1,167.5,29.97,5019.975,老,
20201003_DWG_JDG_1_train_image336.jpg,1,168,29.97,5034.96,老,
20201003_DWG_JDG_1_train_image337.jpg,1,168.5,29.97,5049.945,老,
20201003_DWG_JDG_1_train_image338.jpg,1,169,29.97,5064.93,老,
20201003_DWG_JDG_1_train_image339.jpg,1,169.5,29.97,5079.915,老,
20201003_DWG_JDG_1_train_image340.jpg,1,170,29.97,5094.9,老,
20201003_DWG_JDG_1_train_image341.jpg,1,170.5,29.97,5109.885,老,
20201003_DWG_JDG_1_train_image342.jpg,1,171,29.97,5124.87,老,
20201003_DWG_JDG_1_train_image343.jpg,1,171.5,29.97,5139.855,老,
20201003_DWG_JDG_1_train_image344.jpg,1,172,29.97,5154.84,老,
20201003_DWG_JDG_1_train_image345.jpg,1,172.5,29.97,5169.825,老,
20201003_DWG_JDG_1_train_image346.jpg,1,173,29.97,5184.81,老,
20201003_DWG_JDG_1_train_image347.jpg,1,173.5,29.97,5199.795,老,
20201003_DWG_JDG_1_train_image348.jpg,1,174,29.97,5214.78,老,
20201003_DWG_JDG_1_train_image349.jpg,1,174.5,29.97,5229.765,老,
20201003_DWG_JDG_1_train_image350.jpg,1,175,29.97,5244.75,老,
20201003_DWG_JDG_1_train_image351.jpg,1,175.5,29.97,5259.735,老,
20201003_DWG_JDG_1_train_image352.jpg,1,176,29.97,5274.72,老,
20201003_DWG_JDG_1_train_image353.jpg,1,176.5,29.97,5289.705,老,
20201003_DWG_JDG_1_train_image354.jpg,1,177,29.97,5304.69,老,
20201003_DWG_JDG_1_train_image355.jpg,1,177.5,29.97,5319.675,老,
20201003_DWG_JDG_1_train_image356.jpg,1,178,29.97,5334.66,老,
20201003_DWG_JDG_1_train_image357.jpg,1,178.5,29.97,5349.645,老,
20201003_DWG_JDG_1_train_image358.jpg,1,179,29.97,5364.63,老,
20201003_DWG_JDG_1_train_image359.jpg,1,179.5,29.97,5379.615,老,
20201003_DWG_JDG_1_train_image360.jpg,1,180,29.97,5394.6,老,
20201003_DWG_JDG_1_train_image361.jpg,1,180.5,29.97,5409.585,老,
20201003_DWG_JDG_1_train_image362.jpg,1,181,29.97,5424.57,老,
20201003_DWG_JDG_1_train_image363.jpg,1,181.5,29.97,5439.555,老,
20201003_DWG_JDG_1_train_image364.jpg,1,182,29.97,5454.54,老,
20201003_DWG_JDG_1_train_image365.jpg,1,182.5,29.97,5469.525,老,
20201003_DWG_JDG_1_train_image366.jpg,1,183,29.97,5484.51,老,
20201003_DWG_JDG_1_train_image367.jpg,1,183.5,29.97,5499.495,老,
20201003_DWG_JDG_1_train_image368.jpg,1,184,29.97,5514.48,老,
20201003_DWG_JDG_1_train_image369.jpg,1,184.5,29.97,5529.465,老,
20201003_DWG_JDG_1_train_image370.jpg,1,185,29.97,5544.45,老,
20201003_DWG_JDG_1_train_image371.jpg,1,185.5,29.97,5559.435,老,
20201003_DWG_JDG_1_train_image372.jpg,1,186,29.97,5574.42,老,
20201003_DWG_JDG_1_train_image373.jpg,1,186.5,29.97,5589.405,老,
20201003_DWG_JDG_1_train_image374.jpg,1,187,29.97,5604.39,老,
20201003_DWG_JDG_1_train_image375.jpg,1,187.5,29.97,5619.375,老,
20201003_DWG_JDG_1_train_image376.jpg,1,188,29.97,5634.36,老,
20201003_DWG_JDG_1_train_image377.jpg,1,188.5,29.97,5649.345,老,
20201003_DWG_JDG_1_train_image378.jpg,1,189,29.97,5664.33,老,
20201003_DWG_JDG_1_train_image379.jpg,1,189.5,29.97,5679.315,老,
20201003_DWG_JDG_1_train_image380.jpg,1,190,29.97,5694.3,老,
20201003_DWG_JDG_1_train_image381.jpg,1,190.5,29.97,5709.285,老,
20201003_DWG_JDG_1_train_image382.jpg,1,191,29.97,5724.27,老,
20201003_DWG_JDG_1_train_image383.jpg,1,191.5,29.97,5739.255,老,
20201003_DWG_JDG_1_train_image384.jpg,1,192,29.97,5754.24,老,
20201003_DWG_JDG_1_train_image385.jpg,1,192.5,29.97,5769.225,老,
20201003_DWG_JDG_1_train_image386.jpg,1,193,29.97,5784.21,老,
20201003_DWG_JDG_1_train_image387.jpg,1,193.5,29.97,5799.195,老,
20201003_DWG_JDG_1_train_image388.jpg,1,194,29.97,5814.18,老,
20201003_DWG_JDG_1_train_image389.jpg,1,194.5,29.97,5829.165,老,
20201003_DWG_JDG_1_train_image390.jpg,1,195,29.97,5844.15,老,
20201003_DWG_JDG_1_train_image391.jpg,1,195.5,29.97,5859.135,老,
20201003_DWG_JDG_1_train_image392.jpg,1,196,29.97,5874.12,老,
20201003_DWG_JDG_1_train_image393.jpg,1,196.5,29.97,5889.105,老,
20201003_DWG_JDG_1_train_image394.jpg,1,197,29.97,5904.09,老,
20201003_DWG_JDG_1_train_image395.jpg,1,197.5,29.97,5919.075,老,
20201003_DWG_JDG_1_train_image396.jpg,1,198,29.97,5934.06,老,
20201003_DWG_JDG_1_train_image397.jpg,1,198.5,29.97,5949.045,老,
20201003_DWG_JDG_1_train_image398.jpg,1,199,29.97,5964.03,老,
20201003_DWG_JDG_1_train_image399.jpg,1,199.5,29.97,5979.015,老,
20201003_DWG_JDG_1_train_image400.jpg,1,200,29.97,5994,老,
20201003_DWG_JDG_1_train_image401.jpg,0,200.5,29.97,6008.985,,
20201003_DWG_JDG_1_train_image402.jpg,0,201,29.97,6023.97,,
20201003_DWG_JDG_1_train_image403.jpg,0,201.5,29.97,6038.955,,
20201003_DWG_JDG_1_train_image404.jpg,0,202,29.97,6053.94,,
20201003_DWG_JDG_1_train_image405.jpg,0,202.5,29.97,6068.925,,
20201003_DWG_JDG_1_train_image406.jpg,0,203,29.97,6083.91,,
20201003_DWG_JDG_1_train_image407.jpg,0,203.5,29.97,6098.895,,
20201003_DWG_JDG_1_train_image408.jpg,0,204,29.97,6113.88,,
20201003_DWG_JDG_1_train_image409.jpg,0,204.5,29.97,6128.865,,
20201003_DWG_JDG_1_train_image410.jpg,0,205,29.97,6143.85,,
20201003_DWG_JDG_1_train_image411.jpg,0,205.5,29.97,6158.835,,
20201003_DWG_JDG_1_train_image412.jpg,0,206,29.97,6173.82,,
20201003_DWG_JDG_1_train_image413.jpg,0,206.5,29.97,6188.805,,
20201003_DWG_JDG_1_train_image414.jpg,0,207,29.97,6203.79,,
20201003_DWG_JDG_1_train_image415.jpg,0,207.5,29.97,6218.775,,
20201003_DWG_JDG_1_train_image416.jpg,0,208,29.97,6233.76,,
20201003_DWG_JDG_1_train_image417.jpg,0,208.5,29.97,6248.745,,
20201003_DWG_JDG_1_train_image418.jpg,0,209,29.97,6263.73,,
20201003_DWG_JDG_1_train_image419.jpg,0,209.5,29.97,6278.715,,
20201003_DWG_JDG_1_train_image420.jpg,0,210,29.97,6293.7,,
20201003_DWG_JDG_1_train_image421.jpg,0,210.5,29.97,6308.685,,
20201003_DWG_JDG_1_train_image422.jpg,0,211,29.97,6323.67,,
20201003_DWG_JDG_1_train_image423.jpg,0,211.5,29.97,6338.655,,
20201003_DWG_JDG_1_train_image424.jpg,0,212,29.97,6353.64,,
20201003_DWG_JDG_1_train_image425.jpg,0,212.5,29.97,6368.625,,
20201003_DWG_JDG_1_train_image426.jpg,0,213,29.97,6383.61,,
20201003_DWG_JDG_1_train_image427.jpg,0,213.5,29.97,6398.595,,
20201003_DWG_JDG_1_train_image428.jpg,0,214,29.97,6413.58,,
20201003_DWG_JDG_1_train_image429.jpg,0,214.5,29.97,6428.565,,
20201003_DWG_JDG_1_train_image430.jpg,0,215,29.97,6443.55,,
20201003_DWG_JDG_1_train_image431.jpg,0,215.5,29.97,6458.535,,
20201003_DWG_JDG_1_train_image432.jpg,0,216,29.97,6473.52,,
20201003_DWG_JDG_1_train_image433.jpg,0,216.5,29.97,6488.505,,
20201003_DWG_JDG_1_train_image434.jpg,0,217,29.97,6503.49,,
20201003_DWG_JDG_1_train_image435.jpg,1,217.5,29.97,6518.475,老,"6518.475, 7912.08"
20201003_DWG_JDG_1_train_image436.jpg,1,218,29.97,6533.46,老,
20201003_DWG_JDG_1_train_image437.jpg,1,218.5,29.97,6548.445,老,
20201003_DWG_JDG_1_train_image438.jpg,1,219,29.97,6563.43,老,
20201003_DWG_JDG_1_train_image439.jpg,1,219.5,29.97,6578.415,老,
20201003_DWG_JDG_1_train_image440.jpg,1,220,29.97,6593.4,老,
20201003_DWG_JDG_1_train_image441.jpg,1,220.5,29.97,6608.385,老,
20201003_DWG_JDG_1_train_image442.jpg,1,221,29.97,6623.37,老,
20201003_DWG_JDG_1_train_image443.jpg,1,221.5,29.97,6638.355,老,
20201003_DWG_JDG_1_train_image444.jpg,1,222,29.97,6653.34,老,
20201003_DWG_JDG_1_train_image445.jpg,1,222.5,29.97,6668.325,老,
20201003_DWG_JDG_1_train_image446.jpg,1,223,29.97,6683.31,老,
20201003_DWG_JDG_1_train_image447.jpg,1,223.5,29.97,6698.295,老,
20201003_DWG_JDG_1_train_image448.jpg,1,224,29.97,6713.28,老,
20201003_DWG_JDG_1_train_image449.jpg,1,224.5,29.97,6728.265,老,
20201003_DWG_JDG_1_train_image450.jpg,1,225,29.97,6743.25,老,
20201003_DWG_JDG_1_train_image451.jpg,1,225.5,29.97,6758.235,老,
20201003_DWG_JDG_1_train_image452.jpg,1,226,29.97,6773.22,老,
20201003_DWG_JDG_1_train_image453.jpg,1,226.5,29.97,6788.205,老,
20201003_DWG_JDG_1_train_image454.jpg,1,227,29.97,6803.19,老,
20201003_DWG_JDG_1_train_image455.jpg,1,227.5,29.97,6818.175,老,
20201003_DWG_JDG_1_train_image456.jpg,1,228,29.97,6833.16,老,
20201003_DWG_JDG_1_train_image457.jpg,1,228.5,29.97,6848.145,老,
20201003_DWG_JDG_1_train_image458.jpg,1,229,29.97,6863.13,老,
20201003_DWG_JDG_1_train_image459.jpg,1,229.5,29.97,6878.115,老,
20201003_DWG_JDG_1_train_image460.jpg,1,230,29.97,6893.1,老,
20201003_DWG_JDG_1_train_image461.jpg,1,230.5,29.97,6908.085,老,
20201003_DWG_JDG_1_train_image462.jpg,1,231,29.97,6923.07,老,
20201003_DWG_JDG_1_train_image463.jpg,1,231.5,29.97,6938.055,老,
20201003_DWG_JDG_1_train_image464.jpg,1,232,29.97,6953.04,老,
20201003_DWG_JDG_1_train_image465.jpg,1,232.5,29.97,6968.025,老,
20201003_DWG_JDG_1_train_image466.jpg,1,233,29.97,6983.01,老,
20201003_DWG_JDG_1_train_image467.jpg,1,233.5,29.97,6997.995,老,
20201003_DWG_JDG_1_train_image468.jpg,1,234,29.97,7012.98,老,
20201003_DWG_JDG_1_train_image469.jpg,1,234.5,29.97,7027.965,老,
20201003_DWG_JDG_1_train_image470.jpg,1,235,29.97,7042.95,老,
20201003_DWG_JDG_1_train_image471.jpg,1,235.5,29.97,7057.935,老,
20201003_DWG_JDG_1_train_image472.jpg,1,236,29.97,7072.92,老,
20201003_DWG_JDG_1_train_image473.jpg,1,236.5,29.97,7087.905,老,
20201003_DWG_JDG_1_train_image474.jpg,1,237,29.97,7102.89,老,
20201003_DWG_JDG_1_train_image475.jpg,1,237.5,29.97,7117.875,老,
20201003_DWG_JDG_1_train_image476.jpg,1,238,29.97,7132.86,老,
20201003_DWG_JDG_1_train_image477.jpg,1,238.5,29.97,7147.845,老,
20201003_DWG_JDG_1_train_image478.jpg,1,239,29.97,7162.83,老,
20201003_DWG_JDG_1_train_image479.jpg,1,239.5,29.97,7177.815,老,
20201003_DWG_JDG_1_train_image480.jpg,1,240,29.97,7192.8,老,
20201003_DWG_JDG_1_train_image481.jpg,1,240.5,29.97,7207.785,老,
20201003_DWG_JDG_1_train_image482.jpg,1,241,29.97,7222.77,老,
20201003_DWG_JDG_1_train_image483.jpg,1,241.5,29.97,7237.755,老,
20201003_DWG_JDG_1_train_image484.jpg,1,242,29.97,7252.74,老,
20201003_DWG_JDG_1_train_image485.jpg,1,242.5,29.97,7267.725,老,
20201003_DWG_JDG_1_train_image486.jpg,1,243,29.97,7282.71,老,
20201003_DWG_JDG_1_train_image487.jpg,1,243.5,29.97,7297.695,老,
20201003_DWG_JDG_1_train_image488.jpg,1,244,29.97,7312.68,老,
20201003_DWG_JDG_1_train_image489.jpg,1,244.5,29.97,7327.665,老,
20201003_DWG_JDG_1_train_image490.jpg,1,245,29.97,7342.65,老,
20201003_DWG_JDG_1_train_image491.jpg,1,245.5,29.97,7357.635,老,
20201003_DWG_JDG_1_train_image492.jpg,1,246,29.97,7372.62,老,
20201003_DWG_JDG_1_train_image493.jpg,1,246.5,29.97,7387.605,老,
20201003_DWG_JDG_1_train_image494.jpg,1,247,29.97,7402.59,老,
20201003_DWG_JDG_1_train_image495.jpg,1,247.5,29.97,7417.575,老,
20201003_DWG_JDG_1_train_image496.jpg,1,248,29.97,7432.56,老,
20201003_DWG_JDG_1_train_image497.jpg,1,248.5,29.97,7447.545,老,
20201003_DWG_JDG_1_train_image498.jpg,1,249,29.97,7462.53,老,
20201003_DWG_JDG_1_train_image499.jpg,1,249.5,29.97,7477.515,老,
20201003_DWG_JDG_1_train_image500.jpg,1,250,29.97,7492.5,老,
20201003_DWG_JDG_1_train_image501.jpg,1,250.5,29.97,7507.485,老,
20201003_DWG_JDG_1_train_image502.jpg,1,251,29.97,7522.47,老,
20201003_DWG_JDG_1_train_image503.jpg,1,251.5,29.97,7537.455,老,
20201003_DWG_JDG_1_train_image504.jpg,1,252,29.97,7552.44,老,
20201003_DWG_JDG_1_train_image505.jpg,1,252.5,29.97,7567.425,老,
20201003_DWG_JDG_1_train_image506.jpg,1,253,29.97,7582.41,老,
20201003_DWG_JDG_1_train_image507.jpg,1,253.5,29.97,7597.395,老,
20201003_DWG_JDG_1_train_image508.jpg,1,254,29.97,7612.38,老,
20201003_DWG_JDG_1_train_image509.jpg,1,254.5,29.97,7627.365,老,
20201003_DWG_JDG_1_train_image510.jpg,1,255,29.97,7642.35,老,
20201003_DWG_JDG_1_train_image511.jpg,1,255.5,29.97,7657.335,老,
20201003_DWG_JDG_1_train_image512.jpg,1,256,29.97,7672.32,老,
20201003_DWG_JDG_1_train_image513.jpg,1,256.5,29.97,7687.305,老,
20201003_DWG_JDG_1_train_image514.jpg,1,257,29.97,7702.29,老,
20201003_DWG_JDG_1_train_image515.jpg,1,257.5,29.97,7717.275,老,
20201003_DWG_JDG_1_train_image516.jpg,1,258,29.97,7732.26,老,
20201003_DWG_JDG_1_train_image517.jpg,1,258.5,29.97,7747.245,老,
20201003_DWG_JDG_1_train_image518.jpg,1,259,29.97,7762.23,老,
20201003_DWG_JDG_1_train_image519.jpg,1,259.5,29.97,7777.215,老,
20201003_DWG_JDG_1_train_image520.jpg,1,260,29.97,7792.2,老,
20201003_DWG_JDG_1_train_image521.jpg,1,260.5,29.97,7807.185,老,
20201003_DWG_JDG_1_train_image522.jpg,1,261,29.97,7822.17,老,
20201003_DWG_JDG_1_train_image523.jpg,1,261.5,29.97,7837.155,老,
20201003_DWG_JDG_1_train_image524.jpg,1,262,29.97,7852.14,老,
20201003_DWG_JDG_1_train_image525.jpg,1,262.5,29.97,7867.125,老,
20201003_DWG_JDG_1_train_image526.jpg,1,263,29.97,7882.11,老,
20201003_DWG_JDG_1_train_image527.jpg,1,263.5,29.97,7897.095,老,
20201003_DWG_JDG_1_train_image528.jpg,1,264,29.97,7912.08,老,
20201003_DWG_JDG_1_train_image529.jpg,0,264.5,29.97,7927.065,,
20201003_DWG_JDG_1_train_image530.jpg,0,265,29.97,7942.05,,
20201003_DWG_JDG_1_train_image531.jpg,0,265.5,29.97,7957.035,,
20201003_DWG_JDG_1_train_image532.jpg,0,266,29.97,7972.02,,
20201003_DWG_JDG_1_train_image533.jpg,0,266.5,29.97,7987.005,,
20201003_DWG_JDG_1_train_image534.jpg,0,267,29.97,8001.99,,
20201003_DWG_JDG_1_train_image535.jpg,0,267.5,29.97,8016.975,,
20201003_DWG_JDG_1_train_image536.jpg,0,268,29.97,8031.96,,
20201003_DWG_JDG_1_train_image537.jpg,0,268.5,29.97,8046.945,,
20201003_DWG_JDG_1_train_image538.jpg,0,269,29.97,8061.93,,
20201003_DWG_JDG_1_train_image539.jpg,0,269.5,29.97,8076.915,,
20201003_DWG_JDG_1_train_image540.jpg,0,270,29.97,8091.9,,
20201003_DWG_JDG_1_train_image541.jpg,0,270.5,29.97,8106.885,,
20201003_DWG_JDG_1_train_image542.jpg,0,271,29.97,8121.87,,
20201003_DWG_JDG_1_train_image543.jpg,0,271.5,29.97,8136.855,,
20201003_DWG_JDG_1_train_image544.jpg,0,272,29.97,8151.84,,
20201003_DWG_JDG_1_train_image545.jpg,0,272.5,29.97,8166.825,,
20201003_DWG_JDG_1_train_image546.jpg,0,273,29.97,8181.81,,
20201003_DWG_JDG_1_train_image547.jpg,0,273.5,29.97,8196.795,,
20201003_DWG_JDG_1_train_image548.jpg,0,274,29.97,8211.78,,
20201003_DWG_JDG_1_train_image549.jpg,0,274.5,29.97,8226.765,,
20201003_DWG_JDG_1_train_image550.jpg,0,275,29.97,8241.75,,
20201003_DWG_JDG_1_train_image551.jpg,0,275.5,29.97,8256.735,,
20201003_DWG_JDG_1_train_image552.jpg,0,276,29.97,8271.72,,
20201003_DWG_JDG_1_train_image553.jpg,0,276.5,29.97,8286.705,,
20201003_DWG_JDG_1_train_image554.jpg,0,277,29.97,8301.69,,
20201003_DWG_JDG_1_train_image555.jpg,0,277.5,29.97,8316.675,,
20201003_DWG_JDG_1_train_image556.jpg,0,278,29.97,8331.66,,
20201003_DWG_JDG_1_train_image557.jpg,0,278.5,29.97,8346.645,,
20201003_DWG_JDG_1_train_image558.jpg,0,279,29.97,8361.63,,
20201003_DWG_JDG_1_train_image559.jpg,0,279.5,29.97,8376.615,,
20201003_DWG_JDG_1_train_image560.jpg,0,280,29.97,8391.6,,
20201003_DWG_JDG_1_train_image561.jpg,0,280.5,29.97,8406.585,,
20201003_DWG_JDG_1_train_image562.jpg,0,281,29.97,8421.57,,
20201003_DWG_JDG_1_train_image563.jpg,0,281.5,29.97,8436.555,,
20201003_DWG_JDG_1_train_image564.jpg,0,282,29.97,8451.54,,
20201003_DWG_JDG_1_train_image565.jpg,0,282.5,29.97,8466.525,,
20201003_DWG_JDG_1_train_image566.jpg,0,283,29.97,8481.51,,
20201003_DWG_JDG_1_train_image567.jpg,0,283.5,29.97,8496.495,,
20201003_DWG_JDG_1_train_image568.jpg,0,284,29.97,8511.48,,
20201003_DWG_JDG_1_train_image569.jpg,0,284.5,29.97,8526.465,,
20201003_DWG_JDG_1_train_image570.jpg,0,285,29.97,8541.45,,
20201003_DWG_JDG_1_train_image571.jpg,0,285.5,29.97,8556.435,,
20201003_DWG_JDG_1_train_image572.jpg,0,286,29.97,8571.42,,
20201003_DWG_JDG_1_train_image573.jpg,0,286.5,29.97,8586.405,,
20201003_DWG_JDG_1_train_image574.jpg,0,287,29.97,8601.39,,
20201003_DWG_JDG_1_train_image575.jpg,0,287.5,29.97,8616.375,,
20201003_DWG_JDG_1_train_image576.jpg,0,288,29.97,8631.36,,
20201003_DWG_JDG_1_train_image577.jpg,0,288.5,29.97,8646.345,,
20201003_DWG_JDG_1_train_image578.jpg,0,289,29.97,8661.33,,
20201003_DWG_JDG_1_train_image579.jpg,0,289.5,29.97,8676.315,,
20201003_DWG_JDG_1_train_image580.jpg,0,290,29.97,8691.3,,
20201003_DWG_JDG_1_train_image581.jpg,0,290.5,29.97,8706.285,,
20201003_DWG_JDG_1_train_image582.jpg,0,291,29.97,8721.27,,
20201003_DWG_JDG_1_train_image583.jpg,0,291.5,29.97,8736.255,,
20201003_DWG_JDG_1_train_image584.jpg,0,292,29.97,8751.24,,
20201003_DWG_JDG_1_train_image585.jpg,0,292.5,29.97,8766.225,,
20201003_DWG_JDG_1_train_image586.jpg,0,293,29.97,8781.21,,
20201003_DWG_JDG_1_train_image587.jpg,0,293.5,29.97,8796.195,,
20201003_DWG_JDG_1_train_image588.jpg,0,294,29.97,8811.18,,
20201003_DWG_JDG_1_train_image589.jpg,0,294.5,29.97,8826.165,,
20201003_DWG_JDG_1_train_image590.jpg,0,295,29.97,8841.15,,
20201003_DWG_JDG_1_train_image591.jpg,0,295.5,29.97,8856.135,,
20201003_DWG_JDG_1_train_image592.jpg,0,296,29.97,8871.12,,
20201003_DWG_JDG_1_train_image593.jpg,0,296.5,29.97,8886.105,,
20201003_DWG_JDG_1_train_image594.jpg,0,297,29.97,8901.09,,
20201003_DWG_JDG_1_train_image595.jpg,0,297.5,29.97,8916.075,,
20201003_DWG_JDG_1_train_image596.jpg,0,298,29.97,8931.06,,
20201003_DWG_JDG_1_train_image597.jpg,0,298.5,29.97,8946.045,,
20201003_DWG_JDG_1_train_image598.jpg,0,299,29.97,8961.03,,
20201003_DWG_JDG_1_train_image599.jpg,0,299.5,29.97,8976.015,,
20201003_DWG_JDG_1_train_image600.jpg,0,300,29.97,8991,,
20201003_DWG_JDG_1_train_image601.jpg,0,300.5,29.97,9005.985,,
20201003_DWG_JDG_1_train_image602.jpg,0,301,29.97,9020.97,,
20201003_DWG_JDG_1_train_image603.jpg,0,301.5,29.97,9035.955,,
20201003_DWG_JDG_1_train_image604.jpg,0,302,29.97,9050.94,,
20201003_DWG_JDG_1_train_image605.jpg,0,302.5,29.97,9065.925,,
20201003_DWG_JDG_1_train_image606.jpg,0,303,29.97,9080.91,,
20201003_DWG_JDG_1_train_image607.jpg,0,303.5,29.97,9095.895,,
20201003_DWG_JDG_1_train_image608.jpg,0,304,29.97,9110.88,,
20201003_DWG_JDG_1_train_image609.jpg,0,304.5,29.97,9125.865,,
20201003_DWG_JDG_1_train_image610.jpg,0,305,29.97,9140.85,,
20201003_DWG_JDG_1_train_image611.jpg,0,305.5,29.97,9155.835,,
20201003_DWG_JDG_1_train_image612.jpg,1,306,29.97,9170.82,老,"9170.82,10039.95"
20201003_DWG_JDG_1_train_image613.jpg,1,306.5,29.97,9185.805,老,
20201003_DWG_JDG_1_train_image614.jpg,1,307,29.97,9200.79,老,
20201003_DWG_JDG_1_train_image615.jpg,1,307.5,29.97,9215.775,老,
20201003_DWG_JDG_1_train_image616.jpg,1,308,29.97,9230.76,老,
20201003_DWG_JDG_1_train_image617.jpg,1,308.5,29.97,9245.745,老,
20201003_DWG_JDG_1_train_image618.jpg,1,309,29.97,9260.73,老,
20201003_DWG_JDG_1_train_image619.jpg,1,309.5,29.97,9275.715,老,
20201003_DWG_JDG_1_train_image620.jpg,1,310,29.97,9290.7,老,
20201003_DWG_JDG_1_train_image621.jpg,1,310.5,29.97,9305.685,老,
20201003_DWG_JDG_1_train_image622.jpg,1,311,29.97,9320.67,老,
20201003_DWG_JDG_1_train_image623.jpg,1,311.5,29.97,9335.655,老,
20201003_DWG_JDG_1_train_image624.jpg,1,312,29.97,9350.64,老,
20201003_DWG_JDG_1_train_image625.jpg,1,312.5,29.97,9365.625,老,
20201003_DWG_JDG_1_train_image626.jpg,1,313,29.97,9380.61,老,
20201003_DWG_JDG_1_train_image627.jpg,1,313.5,29.97,9395.595,老,
20201003_DWG_JDG_1_train_image628.jpg,1,314,29.97,9410.58,老,
20201003_DWG_JDG_1_train_image629.jpg,1,314.5,29.97,9425.565,老,
20201003_DWG_JDG_1_train_image630.jpg,1,315,29.97,9440.55,老,
20201003_DWG_JDG_1_train_image631.jpg,1,315.5,29.97,9455.535,老,
20201003_DWG_JDG_1_train_image632.jpg,1,316,29.97,9470.52,老,
20201003_DWG_JDG_1_train_image633.jpg,1,316.5,29.97,9485.505,老,
20201003_DWG_JDG_1_train_image634.jpg,1,317,29.97,9500.49,老,
20201003_DWG_JDG_1_train_image635.jpg,1,317.5,29.97,9515.475,老,
20201003_DWG_JDG_1_train_image636.jpg,1,318,29.97,9530.46,老,
20201003_DWG_JDG_1_train_image637.jpg,1,318.5,29.97,9545.445,老,
20201003_DWG_JDG_1_train_image638.jpg,1,319,29.97,9560.43,老,
20201003_DWG_JDG_1_train_image639.jpg,1,319.5,29.97,9575.415,老,
20201003_DWG_JDG_1_train_image640.jpg,1,320,29.97,9590.4,老,
20201003_DWG_JDG_1_train_image641.jpg,1,320.5,29.97,9605.385,老,
20201003_DWG_JDG_1_train_image642.jpg,1,321,29.97,9620.37,老,
20201003_DWG_JDG_1_train_image643.jpg,1,321.5,29.97,9635.355,老,
20201003_DWG_JDG_1_train_image644.jpg,1,322,29.97,9650.34,老,
20201003_DWG_JDG_1_train_image645.jpg,1,322.5,29.97,9665.325,老,
20201003_DWG_JDG_1_train_image646.jpg,1,323,29.97,9680.31,老,
20201003_DWG_JDG_1_train_image647.jpg,1,323.5,29.97,9695.295,老,
20201003_DWG_JDG_1_train_image648.jpg,1,324,29.97,9710.28,老,
20201003_DWG_JDG_1_train_image649.jpg,1,324.5,29.97,9725.265,老,
20201003_DWG_JDG_1_train_image650.jpg,1,325,29.97,9740.25,老,
20201003_DWG_JDG_1_train_image651.jpg,1,325.5,29.97,9755.235,老,
20201003_DWG_JDG_1_train_image652.jpg,1,326,29.97,9770.22,老,
20201003_DWG_JDG_1_train_image653.jpg,1,326.5,29.97,9785.205,老,
20201003_DWG_JDG_1_train_image654.jpg,1,327,29.97,9800.19,老,
20201003_DWG_JDG_1_train_image655.jpg,1,327.5,29.97,9815.175,老,
20201003_DWG_JDG_1_train_image656.jpg,1,328,29.97,9830.16,老,
20201003_DWG_JDG_1_train_image657.jpg,1,328.5,29.97,9845.145,老,
20201003_DWG_JDG_1_train_image658.jpg,1,329,29.97,9860.13,老,
20201003_DWG_JDG_1_train_image659.jpg,1,329.5,29.97,9875.115,老,
20201003_DWG_JDG_1_train_image660.jpg,1,330,29.97,9890.1,老,
20201003_DWG_JDG_1_train_image661.jpg,1,330.5,29.97,9905.085,老,
20201003_DWG_JDG_1_train_image662.jpg,1,331,29.97,9920.07,老,
20201003_DWG_JDG_1_train_image663.jpg,1,331.5,29.97,9935.055,老,
20201003_DWG_JDG_1_train_image664.jpg,1,332,29.97,9950.04,老,
20201003_DWG_JDG_1_train_image665.jpg,1,332.5,29.97,9965.025,老,
20201003_DWG_JDG_1_train_image666.jpg,1,333,29.97,9980.01,老,
20201003_DWG_JDG_1_train_image667.jpg,1,333.5,29.97,9994.995,老,
20201003_DWG_JDG_1_train_image668.jpg,1,334,29.97,10009.98,老,
20201003_DWG_JDG_1_train_image669.jpg,1,334.5,29.97,10024.965,老,
20201003_DWG_JDG_1_train_image670.jpg,1,335,29.97,10039.95,老,
20201003_DWG_JDG_1_train_image671.jpg,0,335.5,29.97,10054.935,,
20201003_DWG_JDG_1_train_image672.jpg,0,336,29.97,10069.92,,
20201003_DWG_JDG_1_train_image673.jpg,0,336.5,29.97,10084.905,,
20201003_DWG_JDG_1_train_image674.jpg,0,337,29.97,10099.89,,
20201003_DWG_JDG_1_train_image675.jpg,0,337.5,29.97,10114.875,,
20201003_DWG_JDG_1_train_image676.jpg,0,338,29.97,10129.86,,
20201003_DWG_JDG_1_train_image677.jpg,0,338.5,29.97,10144.845,,
20201003_DWG_JDG_1_train_image678.jpg,0,339,29.97,10159.83,,
20201003_DWG_JDG_1_train_image679.jpg,0,339.5,29.97,10174.815,,
20201003_DWG_JDG_1_train_image680.jpg,0,340,29.97,10189.8,,
20201003_DWG_JDG_1_train_image681.jpg,0,340.5,29.97,10204.785,,
20201003_DWG_JDG_1_train_image682.jpg,0,341,29.97,10219.77,,
20201003_DWG_JDG_1_train_image683.jpg,0,341.5,29.97,10234.755,,
20201003_DWG_JDG_1_train_image684.jpg,0,342,29.97,10249.74,,
20201003_DWG_JDG_1_train_image685.jpg,0,342.5,29.97,10264.725,,
20201003_DWG_JDG_1_train_image686.jpg,0,343,29.97,10279.71,,
20201003_DWG_JDG_1_train_image687.jpg,0,343.5,29.97,10294.695,,
20201003_DWG_JDG_1_train_image688.jpg,0,344,29.97,10309.68,,
20201003_DWG_JDG_1_train_image689.jpg,0,344.5,29.97,10324.665,,
20201003_DWG_JDG_1_train_image690.jpg,0,345,29.97,10339.65,,
20201003_DWG_JDG_1_train_image691.jpg,0,345.5,29.97,10354.635,,
20201003_DWG_JDG_1_train_image692.jpg,0,346,29.97,10369.62,,
20201003_DWG_JDG_1_train_image693.jpg,0,346.5,29.97,10384.605,,
20201003_DWG_JDG_1_train_image694.jpg,0,347,29.97,10399.59,,
20201003_DWG_JDG_1_train_image695.jpg,0,347.5,29.97,10414.575,,
20201003_DWG_JDG_1_train_image696.jpg,0,348,29.97,10429.56,,
20201003_DWG_JDG_1_train_image697.jpg,0,348.5,29.97,10444.545,,
20201003_DWG_JDG_1_train_image698.jpg,0,349,29.97,10459.53,,
20201003_DWG_JDG_1_train_image699.jpg,0,349.5,29.97,10474.515,,
20201003_DWG_JDG_1_train_image700.jpg,0,350,29.97,10489.5,,
20201003_DWG_JDG_1_train_image701.jpg,0,350.5,29.97,10504.485,,
20201003_DWG_JDG_1_train_image702.jpg,0,351,29.97,10519.47,,
20201003_DWG_JDG_1_train_image703.jpg,0,351.5,29.97,10534.455,,
20201003_DWG_JDG_1_train_image704.jpg,0,352,29.97,10549.44,,
20201003_DWG_JDG_1_train_image705.jpg,0,352.5,29.97,10564.425,,
20201003_DWG_JDG_1_train_image706.jpg,0,353,29.97,10579.41,,
20201003_DWG_JDG_1_train_image707.jpg,0,353.5,29.97,10594.395,,
20201003_DWG_JDG_1_train_image708.jpg,0,354,29.97,10609.38,,
20201003_DWG_JDG_1_train_image709.jpg,0,354.5,29.97,10624.365,,
20201003_DWG_JDG_1_train_image710.jpg,0,355,29.97,10639.35,,
20201003_DWG_JDG_1_train_image711.jpg,0,355.5,29.97,10654.335,,
20201003_DWG_JDG_1_train_image712.jpg,0,356,29.97,10669.32,,
20201003_DWG_JDG_1_train_image713.jpg,0,356.5,29.97,10684.305,,
20201003_DWG_JDG_1_train_image714.jpg,0,357,29.97,10699.29,,
20201003_DWG_JDG_1_train_image715.jpg,0,357.5,29.97,10714.275,,
20201003_DWG_JDG_1_train_image716.jpg,0,358,29.97,10729.26,,
20201003_DWG_JDG_1_train_image717.jpg,0,358.5,29.97,10744.245,,
20201003_DWG_JDG_1_train_image718.jpg,0,359,29.97,10759.23,,
20201003_DWG_JDG_1_train_image719.jpg,0,359.5,29.97,10774.215,,
20201003_DWG_JDG_1_train_image720.jpg,0,360,29.97,10789.2,,
20201003_DWG_JDG_1_train_image721.jpg,0,360.5,29.97,10804.185,,
20201003_DWG_JDG_1_train_image722.jpg,0,361,29.97,10819.17,,
20201003_DWG_JDG_1_train_image723.jpg,0,361.5,29.97,10834.155,,
20201003_DWG_JDG_1_train_image724.jpg,0,362,29.97,10849.14,,
20201003_DWG_JDG_1_train_image725.jpg,0,362.5,29.97,10864.125,,
20201003_DWG_JDG_1_train_image726.jpg,0,363,29.97,10879.11,,
20201003_DWG_JDG_1_train_image727.jpg,0,363.5,29.97,10894.095,,
20201003_DWG_JDG_1_train_image728.jpg,0,364,29.97,10909.08,,
20201003_DWG_JDG_1_train_image729.jpg,0,364.5,29.97,10924.065,,
20201003_DWG_JDG_1_train_image730.jpg,0,365,29.97,10939.05,,
20201003_DWG_JDG_1_train_image731.jpg,0,365.5,29.97,10954.035,,
20201003_DWG_JDG_1_train_image732.jpg,0,366,29.97,10969.02,,
20201003_DWG_JDG_1_train_image733.jpg,0,366.5,29.97,10984.005,,
20201003_DWG_JDG_1_train_image734.jpg,0,367,29.97,10998.99,,
20201003_DWG_JDG_1_train_image735.jpg,0,367.5,29.97,11013.975,,
20201003_DWG_JDG_1_train_image736.jpg,0,368,29.97,11028.96,,
20201003_DWG_JDG_1_train_image737.jpg,0,368.5,29.97,11043.945,,
20201003_DWG_JDG_1_train_image738.jpg,0,369,29.97,11058.93,,
20201003_DWG_JDG_1_train_image739.jpg,0,369.5,29.97,11073.915,,
20201003_DWG_JDG_1_train_image740.jpg,0,370,29.97,11088.9,,
20201003_DWG_JDG_1_train_image741.jpg,0,370.5,29.97,11103.885,,
20201003_DWG_JDG_1_train_image742.jpg,0,371,29.97,11118.87,,
20201003_DWG_JDG_1_train_image743.jpg,0,371.5,29.97,11133.855,,
20201003_DWG_JDG_1_train_image744.jpg,0,372,29.97,11148.84,,
20201003_DWG_JDG_1_train_image745.jpg,0,372.5,29.97,11163.825,,
20201003_DWG_JDG_1_train_image746.jpg,0,373,29.97,11178.81,,
20201003_DWG_JDG_1_train_image747.jpg,0,373.5,29.97,11193.795,,
